sample,min_genes,max_genes,max_mt_pct,retained,retained_pct,median_genes,median_mt
HCC1,200,2500.0,5,2118,13.17,1312.5,3.6242918479464485
HCC1,200,2500.0,10,7229,44.96,1550.0,6.189967982924227
HCC1,200,2500.0,15,8230,51.19,1550.0,6.553807462861153
HCC1,200,2500.0,20,8513,52.95,1539.0,6.661157024793389
HCC1,200,5000.0,5,2526,15.71,1550.0,3.7463976945244957
HCC1,200,5000.0,10,10228,63.62,1986.0,6.4201749730570565
HCC1,200,5000.0,15,11695,72.74,1987.0,6.756756756756757
HCC1,200,5000.0,20,12073,75.09,1975.0,6.84606804238706
HCC1,200,7500.0,5,2611,16.24,1598.0,3.7786774628879893
HCC1,200,7500.0,10,11258,70.03,2117.0,6.530166549634041
HCC1,200,7500.0,15,13499,83.96,2175.0,7.0211786372007365
HCC1,200,7500.0,20,14115,87.8,2184.0,7.162790697674419
HCC1,200,inf,5,2611,16.24,1598.0,3.7786774628879893
HCC1,200,inf,10,11304,70.31,2121.5,6.537914509336874
HCC1,200,inf,15,13629,84.77,2186.0,7.042253521126761
HCC1,200,inf,20,14262,88.71,2199.0,7.194628126364436
HCC2,200,2500.0,5,677,7.43,1032.0,3.8662486938349003
HCC2,200,2500.0,10,3372,37.01,1051.0,6.956515895872684
HCC2,200,2500.0,15,4602,50.5,1013.5,7.9972362602464715
HCC2,200,2500.0,20,5092,55.88,986.0,8.371136301036188
HCC2,200,5000.0,5,692,7.59,1039.5,3.870447551199109
HCC2,200,5000.0,10,3495,38.36,1061.0,6.972543352601155
HCC2,200,5000.0,15,4786,52.52,1029.0,8.004595184788936
HCC2,200,5000.0,20,5453,59.84,1014.0,8.52789869410368
HCC2,200,7500.0,5,692,7.59,1039.5,3.870447551199109
HCC2,200,7500.0,10,3501,38.42,1062.0,6.971153846153847
HCC2,200,7500.0,15,4810,52.79,1030.0,8.01463476957048
HCC2,200,7500.0,20,5558,61.0,1023.0,8.590090536845237
HCC2,200,inf,5,692,7.59,1039.5,3.870447551199109
HCC2,200,inf,10,3501,38.42,1062.0,6.971153846153847
HCC2,200,inf,15,4818,52.88,1030.0,8.020934095015605
HCC2,200,inf,20,5597,61.42,1026.0,8.631921824104234
