cell_type,normal (HCC1),tumor (HCC2)
B_cell,1.2815764130676346,6.403326403326403
Cholangiocyte,0.014815912289799242,4.677754677754678
DC,0.0,2.307692307692308
Endothelial,0.1629750351877917,2.681912681912682
Fibroblast,2.0816356767167936,2.0997920997921
Hepatocyte,19.371805318912514,0.02079002079002079
Macrophage,51.670494110674866,0.5405405405405406
Mast_cell,0.05926364915919697,2.37006237006237
Monocyte,6.674568486554559,1.1434511434511436
Myeloid_unresolved,0.3926216756796799,0.0
T_cell,18.290243721757168,77.75467775467776
