gene,scores,log2FC,pvalue,adj_pvalue,pct_nz_group,pct_nz_reference,regulation,contrast,cell_type,group,reference
APOA2,-20.77751,-32.603645,6.915330172570125e-96,7.982365618197696e-92,0.0,0.9710982658959578,down,celltype_B_cell,B_cell,tumor (HCC2),normal (HCC1)
APOA2,-11.549239,-31.981909,7.447706107970123e-31,5.101306298654136e-27,0.0,0.9090909090909088,down,celltype_Endothelial,Endothelial,tumor (HCC2),normal (HCC1)
APOA2,-14.559008,-32.57486,5.1195834202955415e-48,1.8334508123933408e-44,0.0,0.9644128113878978,down,celltype_Fibroblast,Fibroblast,tumor (HCC2),normal (HCC1)
APOA2,-8.673209,-32.65971,4.201102320767735e-18,5.482867212512177e-16,0.0,0.9839426523299306,down,celltype_Macrophage,Macrophage,tumor (HCC2),normal (HCC1)
APOA2,-12.06667,-32.96941,1.5841447150189065e-33,1.8868747700590197e-30,0.0,0.9678135405105535,down,celltype_Monocyte,Monocyte,tumor (HCC2),normal (HCC1)
APOA2,-71.802734,-11.906083,0.0,0.0,0.0013368983957219253,0.9331713244228308,down,celltype_T_cell,T_cell,tumor (HCC2),normal (HCC1)
APOA2,-101.61877,-12.198462,0.0,0.0,0.0012474012474012475,0.9754796651604666,down,pooled,All cells,tumor (HCC2),normal (HCC1)
SERPINA1,-18.452333,-6.651208,4.994216241122022e-76,1.92160793570905e-72,0.029220779220779227,0.8670520231213904,down,celltype_B_cell,B_cell,tumor (HCC2),normal (HCC1)
SERPINA1,-10.4050455,-6.767837,2.351433384347639e-25,8.053071483044576e-22,0.03875968992248062,0.9090909090909088,down,celltype_Endothelial,Endothelial,tumor (HCC2),normal (HCC1)
SERPINA1,-12.985899,-6.5832796,1.47100575649325e-38,1.5051541044118434e-35,0.039603960396039604,0.8647686832740191,down,celltype_Fibroblast,Fibroblast,tumor (HCC2),normal (HCC1)
SERPINA1,-5.8193126,-2.3286133,5.909014971047427e-09,3.482778870032101e-07,0.423076923076923,0.9489605734768707,down,celltype_Macrophage,Macrophage,tumor (HCC2),normal (HCC1)
SERPINA1,-7.917354,-1.7294478,2.426179446794695e-15,3.5241735842404407e-13,0.7454545454545456,0.9633740288568353,down,celltype_Monocyte,Monocyte,tumor (HCC2),normal (HCC1)
SERPINA1,-59.78657,-7.0445533,0.0,0.0,0.019251336898395706,0.7411907654920924,down,celltype_T_cell,T_cell,tumor (HCC2),normal (HCC1)
SERPINA1,-92.244736,-6.4540467,0.0,0.0,0.06091476091476092,0.9168086524928561,down,pooled,All cells,tumor (HCC2),normal (HCC1)
FTL,-9.544896,-1.2005429,1.3624391485272462e-21,4.493324311842857e-19,0.9285714285714304,0.994219653179195,down,celltype_B_cell,B_cell,tumor (HCC2),normal (HCC1)
FTL,-6.5888305,-2.103629,4.433041275090823e-11,2.094076980257558e-08,0.914728682170544,0.9999999999999997,down,celltype_Endothelial,Endothelial,tumor (HCC2),normal (HCC1)
FTL,-11.061738,-2.126239,1.9233325209127216e-28,7.871925246307067e-26,0.9702970297029709,0.9999999999999973,down,celltype_Fibroblast,Fibroblast,tumor (HCC2),normal (HCC1)
FTL,-7.8454137,-2.4712927,4.315284552484645e-15,4.561362762502364e-13,0.9999999999999996,1.0000000000001876,down,celltype_Macrophage,Macrophage,tumor (HCC2),normal (HCC1)
FTL,-8.735308,-0.97056425,2.429933658034507e-18,5.788587960169803e-16,1.0000000000000002,1.00000000000001,down,celltype_Monocyte,Monocyte,tumor (HCC2),normal (HCC1)
FTL,-53.288177,-2.2131317,0.0,0.0,0.8593582887700099,0.9975698663426354,down,celltype_T_cell,T_cell,tumor (HCC2),normal (HCC1)
FTL,-96.366776,-4.614934,0.0,0.0,0.875467775467692,0.9994814430699436,down,pooled,All cells,tumor (HCC2),normal (HCC1)
APOE,-15.295801,-6.9819326,8.155150741671245e-53,2.3533726252777794e-49,0.006493506493506494,0.6242774566473998,down,celltype_B_cell,B_cell,tumor (HCC2),normal (HCC1)
APOE,-10.2533,-9.787166,1.1437133091129482e-24,3.1335457243076555e-21,0.007751937984496124,0.7727272727272726,down,celltype_Endothelial,Endothelial,tumor (HCC2),normal (HCC1)
APOE,-5.9654107,-1.560852,2.440196035632872e-09,9.447515732551592e-08,0.31683168316831695,0.7615658362989305,down,celltype_Fibroblast,Fibroblast,tumor (HCC2),normal (HCC1)
APOE,-2.313298,-1.5088437,0.020706262451991496,0.15469222941645516,0.5769230769230768,0.9390681003585873,down,celltype_Macrophage,Macrophage,tumor (HCC2),normal (HCC1)
APOE,-5.8320704,-1.7675577,5.4743784481105456e-09,2.264073669980719e-07,0.1090909090909091,0.6048834628190953,down,celltype_Monocyte,Monocyte,tumor (HCC2),normal (HCC1)
APOE,-45.227573,-7.6769767,0.0,0.0,0.004278074866310161,0.46456055083028996,down,celltype_T_cell,T_cell,tumor (HCC2),normal (HCC1)
APOE,-86.47144,-7.888486,0.0,0.0,0.023492723492723494,0.8308022816505636,down,pooled,All cells,tumor (HCC2),normal (HCC1)
APOC1,-11.986,-9.5455065,4.2073565521018314e-33,2.8567950988771434e-30,0.003246753246753247,0.4104046242774565,down,celltype_B_cell,B_cell,tumor (HCC2),normal (HCC1)
APOC1,-7.461675,-29.250807,8.542931882003153e-14,6.88409552068007e-11,0.0,0.40909090909090917,down,celltype_Endothelial,Endothelial,tumor (HCC2),normal (HCC1)
APOC1,-8.342055,-3.8176403,7.301046250177138e-17,8.503047766974593e-15,0.099009900990099,0.5978647686832727,down,celltype_Fibroblast,Fibroblast,tumor (HCC2),normal (HCC1)
APOC1,-5.3848615,-2.8963008,7.25004235897135e-08,3.5527985352966885e-06,0.4999999999999999,0.9373476702510598,down,celltype_Macrophage,Macrophage,tumor (HCC2),normal (HCC1)
APOC1,-4.996748,-1.9341149,5.830516535891302e-07,1.519797749056612e-05,0.1272727272727273,0.5183129855715916,down,celltype_Monocyte,Monocyte,tumor (HCC2),normal (HCC1)
APOC1,-39.302902,-7.522526,0.0,0.0,0.0032085561497326213,0.36573511543134446,down,celltype_T_cell,T_cell,tumor (HCC2),normal (HCC1)
APOC1,-84.51755,-8.451845,0.0,0.0,0.021413721413721415,0.8008000592637173,down,pooled,All cells,tumor (HCC2),normal (HCC1)
