gene,drug,drug_id,source,interaction_type,directionality,approved,immunotherapy,anti_neoplastic,publication_ids,evidence_sources,interaction_score,n_publications,clinical_phase,phase_scope,mechanism_review,reference_urls,identity_basis,record_count,composite_score,hub_score,original_drug_ids,drug_alias_names,metadata_conflict,score_interaction,interaction_scaling,score_publications,score_phase,score_approved,score_hub,score_scope,contrast,cell_type,group,reference,log2FC,adj_pvalue,regulation,ppi_connected,survival_status,survival_supported
APOA2,RETINOIC ACID AGENT,ncit:C804,DGIdb,unknown,unknown,False,False,False,7918317,NCI Cancer Gene Index,1.707483532041378,1,,not_available,Original evidence and therapeutic direction require review,,database_id,1,0.05939922890466034,0.2620499079641619,ncit:C804,RETINOIC ACID AGENT,False,0.010752688172043013,max,0.03333333333333333,0.0,0.0,0.2620499079641619,Within this contrast and database snapshot; heuristic evidence ranking,pooled,All cells,tumor (HCC2),normal (HCC1),-12.198462,0.0,down,True,unavailable,False
APOA2,THERAPEUTIC GLUCOCORTICOID,ncit:C521,DGIdb,unknown,unknown,False,False,True,8706754,NCI Cancer Gene Index,1.556823220390668,1,,not_available,Original evidence and therapeutic direction require review,,database_id,1,0.05878253061244022,0.2620499079641619,ncit:C521,THERAPEUTIC GLUCOCORTICOID,False,0.009803921568627453,max,0.03333333333333333,0.0,0.0,0.2620499079641619,Within this contrast and database snapshot; heuristic evidence ranking,pooled,All cells,tumor (HCC2),normal (HCC1),-12.198462,0.0,down,True,unavailable,False
SERPINA1,ALPHA 1-ANTITRYPSIN,rxcui:535,DGIdb,unknown,unknown,True,False,False,,Therapeutic Target Database,13.23299737332068,0,,not_available,Original evidence and therapeutic direction require review,,database_id,1,0.2641416621260815,0.2998749772970742,rxcui:535,ALPHA 1-ANTITRYPSIN,False,0.08333333333333336,max,0.0,0.0,1.0,0.2998749772970742,Within this contrast and database snapshot; heuristic evidence ranking,pooled,All cells,tumor (HCC2),normal (HCC1),-6.4540467,0.0,down,True,unavailable,False
SERPINA1,IGMESINE,ncit:C170052,DGIdb,unknown,unknown,False,False,False,,Therapeutic Target Database,13.23299737332068,0,,not_available,Original evidence and therapeutic direction require review,,database_id,1,0.11414166212608153,0.2998749772970742,ncit:C170052,IGMESINE,False,0.08333333333333336,max,0.0,0.0,0.0,0.2998749772970742,Within this contrast and database snapshot; heuristic evidence ranking,pooled,All cells,tumor (HCC2),normal (HCC1),-6.4540467,0.0,down,True,unavailable,False
APOE,DONANEMAB,rxcui:2687966,DGIdb,unknown,unknown,True,False,False,,PharmGKB - The Pharmacogenomics Knowledgebase,1.357230499827762,0,,not_available,Original evidence and therapeutic direction require review,,database_id,1,0.2436819842626542,0.4406321435354932,rxcui:2687966,DONANEMAB,False,0.00854700854700855,max,0.0,0.0,1.0,0.4406321435354932,Within this contrast and database snapshot; heuristic evidence ranking,pooled,All cells,tumor (HCC2),normal (HCC1),-7.888486,0.0,down,True,unavailable,False
APOE,LECANEMAB,rxcui:2626143,DGIdb,unknown,unknown,True,False,False,,PharmGKB - The Pharmacogenomics Knowledgebase,1.357230499827762,0,,not_available,Original evidence and therapeutic direction require review,,database_id,1,0.2436819842626542,0.4406321435354932,rxcui:2626143,LECANEMAB,False,0.00854700854700855,max,0.0,0.0,1.0,0.4406321435354932,Within this contrast and database snapshot; heuristic evidence ranking,pooled,All cells,tumor (HCC2),normal (HCC1),-7.888486,0.0,down,True,unavailable,False
APOE,LUTEIN,rxcui:11359,DGIdb,unknown,unknown,True,False,False,11413081,NCI Cancer Gene Index,1.357230499827762,1,,not_available,Original evidence and therapeutic direction require review,,database_id,1,0.2436819842626542,0.4406321435354932,rxcui:11359,LUTEIN,False,0.00854700854700855,max,0.03333333333333333,0.0,1.0,0.4406321435354932,Within this contrast and database snapshot; heuristic evidence ranking,pooled,All cells,tumor (HCC2),normal (HCC1),-7.888486,0.0,down,True,unavailable,False
APOE,CHOLESTEROL,rxcui:2438,DGIdb,unknown,unknown,True,False,False,38507115,PharmGKB - The Pharmacogenomics Knowledgebase,0.9048203332185082,1,,not_available,Original evidence and therapeutic direction require review,,database_id,1,0.24183013241080234,0.4406321435354932,rxcui:2438,CHOLESTEROL,False,0.005698005698005701,max,0.03333333333333333,0.0,1.0,0.4406321435354932,Within this contrast and database snapshot; heuristic evidence ranking,pooled,All cells,tumor (HCC2),normal (HCC1),-7.888486,0.0,down,True,unavailable,False
APOE,FLUVASTATIN,rxcui:41127,DGIdb,unknown,unknown,True,False,False,17289397 | 30363031 | 37318060,PharmGKB - The Pharmacogenomics Knowledgebase,0.7755602856158642,3,,not_available,Original evidence and therapeutic direction require review,,database_id,1,0.2413010318817018,0.4406321435354932,rxcui:41127,FLUVASTATIN,False,0.004884004884004887,max,0.1,0.0,1.0,0.4406321435354932,Within this contrast and database snapshot; heuristic evidence ranking,pooled,All cells,tumor (HCC2),normal (HCC1),-7.888486,0.0,down,True,unavailable,False
APOE,ADUCANUMAB,rxcui:2557217,DGIdb,unknown,unknown,True,False,False,,PharmGKB - The Pharmacogenomics Knowledgebase,0.6786152499138811,0,,not_available,Original evidence and therapeutic direction require review,,database_id,1,0.2409042064848764,0.4406321435354932,rxcui:2557217,ADUCANUMAB,False,0.004273504273504276,max,0.0,0.0,1.0,0.4406321435354932,Within this contrast and database snapshot; heuristic evidence ranking,pooled,All cells,tumor (HCC2),normal (HCC1),-7.888486,0.0,down,True,unavailable,False
APOE,DONEPEZIL,rxcui:135447,DGIdb,unknown,unknown,True,False,False,24951635 | 27567841,PharmGKB - The Pharmacogenomics Knowledgebase,0.5816702142118981,2,,not_available,Original evidence and therapeutic direction require review,,database_id,1,0.240507381088051,0.4406321435354932,rxcui:135447,DONEPEZIL,False,0.0036630036630036647,max,0.06666666666666667,0.0,1.0,0.4406321435354932,Within this contrast and database snapshot; heuristic evidence ranking,pooled,All cells,tumor (HCC2),normal (HCC1),-7.888486,0.0,down,True,unavailable,False
APOE,RIVASTIGMINE,rxcui:183379,DGIdb,unknown,unknown,True,False,False,24951635,PharmGKB - The Pharmacogenomics Knowledgebase,0.5428921999311049,1,,not_available,Original evidence and therapeutic direction require review,,database_id,1,0.24034865092932087,0.4406321435354932,rxcui:183379,RIVASTIGMINE,False,0.0034188034188034205,max,0.03333333333333333,0.0,1.0,0.4406321435354932,Within this contrast and database snapshot; heuristic evidence ranking,pooled,All cells,tumor (HCC2),normal (HCC1),-7.888486,0.0,down,True,unavailable,False
APOE,GALANTAMINE,rxcui:4637,DGIdb,unknown,unknown,True,False,False,24951635,PharmGKB - The Pharmacogenomics Knowledgebase,0.4524101666092541,1,,not_available,Original evidence and therapeutic direction require review,,database_id,1,0.23997828055895049,0.4406321435354932,rxcui:4637,GALANTAMINE,False,0.0028490028490028504,max,0.03333333333333333,0.0,1.0,0.4406321435354932,Within this contrast and database snapshot; heuristic evidence ranking,pooled,All cells,tumor (HCC2),normal (HCC1),-7.888486,0.0,down,True,unavailable,False
APOE,IRBESARTAN,rxcui:83818,DGIdb,unknown,unknown,True,False,True,12827021,NCI Cancer Gene Index,0.3877801428079321,1,,not_available,Original evidence and therapeutic direction require review,,database_id,1,0.2397137302944002,0.4406321435354932,rxcui:83818,IRBESARTAN,False,0.0024420024420024433,max,0.03333333333333333,0.0,1.0,0.4406321435354932,Within this contrast and database snapshot; heuristic evidence ranking,pooled,All cells,tumor (HCC2),normal (HCC1),-7.888486,0.0,down,True,unavailable,False
APOE,GANCICLOVIR,rxcui:4678,DGIdb,unknown,unknown,True,False,False,16322528,NCI Cancer Gene Index,0.3393076249569405,1,,not_available,Original evidence and therapeutic direction require review,,database_id,1,0.23951531759598751,0.4406321435354932,rxcui:4678,GANCICLOVIR,False,0.0021367521367521374,max,0.03333333333333333,0.0,1.0,0.4406321435354932,Within this contrast and database snapshot; heuristic evidence ranking,pooled,All cells,tumor (HCC2),normal (HCC1),-7.888486,0.0,down,True,unavailable,False
APOE,NORETHINDRONE ACETATE,rxcui:31983,DGIdb,unknown,unknown,True,False,False,12398019,NCI Cancer Gene Index,0.3016067777395027,1,,not_available,Original evidence and therapeutic direction require review,,database_id,1,0.2393609966083332,0.4406321435354932,rxcui:31983,NORETHINDRONE ACETATE,False,0.0018993352326685665,max,0.03333333333333333,0.0,1.0,0.4406321435354932,Within this contrast and database snapshot; heuristic evidence ranking,pooled,All cells,tumor (HCC2),normal (HCC1),-7.888486,0.0,down,True,unavailable,False
APOE,APIXABAN,rxcui:1364430,DGIdb,unknown,unknown,True,False,False,40549373,PharmGKB - The Pharmacogenomics Knowledgebase,0.2714460999655524,1,,not_available,Original evidence and therapeutic direction require review,,database_id,1,0.23923753981820975,0.4406321435354932,rxcui:1364430,APIXABAN,False,0.0017094017094017098,max,0.03333333333333333,0.0,1.0,0.4406321435354932,Within this contrast and database snapshot; heuristic evidence ranking,pooled,All cells,tumor (HCC2),normal (HCC1),-7.888486,0.0,down,True,unavailable,False
APOE,PRAVASTATIN SODIUM,rxcui:203144,DGIdb,unknown,unknown,True,False,False,17289397 | 19667110 | 20031551,PharmGKB - The Pharmacogenomics Knowledgebase,0.2088046922811942,3,,not_available,Original evidence and therapeutic direction require review,,database_id,1,0.23898112956179948,0.4406321435354932,rxcui:203144,PRAVASTATIN SODIUM,False,0.0013149243918474693,max,0.1,0.0,1.0,0.4406321435354932,Within this contrast and database snapshot; heuristic evidence ranking,pooled,All cells,tumor (HCC2),normal (HCC1),-7.888486,0.0,down,True,unavailable,False
APOE,BUPROPION HYDROCHLORIDE,rxcui:203204,DGIdb,unknown,unknown,True,False,False,23247396,PharmGKB - The Pharmacogenomics Knowledgebase,0.193890071403966,1,,not_available,Original evidence and therapeutic direction require review,,database_id,1,0.23892007950074942,0.4406321435354932,rxcui:203204,BUPROPION HYDROCHLORIDE,False,0.0012210012210012212,max,0.03333333333333333,0.0,1.0,0.4406321435354932,Within this contrast and database snapshot; heuristic evidence ranking,pooled,All cells,tumor (HCC2),normal (HCC1),-7.888486,0.0,down,True,unavailable,False
APOE,RITONAVIR,rxcui:85762,DGIdb,unknown,unknown,True,False,False,15809899 | 17700364,PharmGKB - The Pharmacogenomics Knowledgebase,0.1508033888697513,2,,not_available,Original evidence and therapeutic direction require review,,database_id,1,0.2387437126577159,0.4406321435354932,rxcui:85762,RITONAVIR,False,0.000949667616334283,max,0.06666666666666667,0.0,1.0,0.4406321435354932,Within this contrast and database snapshot; heuristic evidence ranking,pooled,All cells,tumor (HCC2),normal (HCC1),-7.888486,0.0,down,True,unavailable,False
APOE,CHORIOGONADOTROPIN ALFA,rxcui:283550,DGIdb,unknown,unknown,True,False,False,1709885,NCI Cancer Gene Index,0.129260047602644,1,,not_available,Original evidence and therapeutic direction require review,,database_id,1,0.23865552923619915,0.4406321435354932,rxcui:283550,CHORIOGONADOTROPIN ALFA,False,0.0008140008140008143,max,0.03333333333333333,0.0,1.0,0.4406321435354932,Within this contrast and database snapshot; heuristic evidence ranking,pooled,All cells,tumor (HCC2),normal (HCC1),-7.888486,0.0,down,True,unavailable,False
APOE,TRIAMCINOLONE,rxcui:10759,DGIdb,unknown,unknown,True,False,False,9150415,NCI Cancer Gene Index,0.1233845908934329,1,,not_available,Original evidence and therapeutic direction require review,,database_id,1,0.23863147921214914,0.4406321435354932,rxcui:10759,TRIAMCINOLONE,False,0.0007770007770007771,max,0.03333333333333333,0.0,1.0,0.4406321435354932,Within this contrast and database snapshot; heuristic evidence ranking,pooled,All cells,tumor (HCC2),normal (HCC1),-7.888486,0.0,down,True,unavailable,False
APOE,FENOFIBRATE MICRONIZED,rxcui:221100,DGIdb,unknown,unknown,True,False,False,12042669,PharmGKB - The Pharmacogenomics Knowledgebase,0.1131025416523135,1,,not_available,Original evidence and therapeutic direction require review,,database_id,1,0.2385893916700616,0.4406321435354932,rxcui:221100,FENOFIBRATE MICRONIZED,False,0.0007122507122507124,max,0.03333333333333333,0.0,1.0,0.4406321435354932,Within this contrast and database snapshot; heuristic evidence ranking,pooled,All cells,tumor (HCC2),normal (HCC1),-7.888486,0.0,down,True,unavailable,False
APOE,TROGLITAZONE,rxcui:72610,DGIdb,unknown,unknown,True,False,False,15057551,NCI Cancer Gene Index,0.1131025416523135,1,,not_available,Original evidence and therapeutic direction require review,,database_id,1,0.2385893916700616,0.4406321435354932,rxcui:72610,TROGLITAZONE,False,0.0007122507122507124,max,0.03333333333333333,0.0,1.0,0.4406321435354932,Within this contrast and database snapshot; heuristic evidence ranking,pooled,All cells,tumor (HCC2),normal (HCC1),-7.888486,0.0,down,True,unavailable,False
APOE,LORAZEPAM,rxcui:6470,DGIdb,unknown,unknown,True,False,False,15699298,NCI Cancer Gene Index,0.1085784399862209,1,,not_available,Original evidence and therapeutic direction require review,,database_id,1,0.23857087315154307,0.4406321435354932,rxcui:6470,LORAZEPAM,False,0.0006837606837606835,max,0.03333333333333333,0.0,1.0,0.4406321435354932,Within this contrast and database snapshot; heuristic evidence ranking,pooled,All cells,tumor (HCC2),normal (HCC1),-7.888486,0.0,down,True,unavailable,False
APOE,NICOTINE POLACRILEX,rxcui:31765,DGIdb,unknown,unknown,True,False,False,23247396,PharmGKB - The Pharmacogenomics Knowledgebase,0.06312699999198894,1,,not_available,Original evidence and therapeutic direction require review,,database_id,1,0.23838482663991517,0.4406321435354932,rxcui:31765,NICOTINE POLACRILEX,False,0.00039753528125621165,max,0.03333333333333333,0.0,1.0,0.4406321435354932,Within this contrast and database snapshot; heuristic evidence ranking,pooled,All cells,tumor (HCC2),normal (HCC1),-7.888486,0.0,down,True,unavailable,False
APOE,PREDNISONE,rxcui:8640,DGIdb,unknown,unknown,True,False,True,3185288,NCI Cancer Gene Index,0.05901002173164183,1,,not_available,Original evidence and therapeutic direction require review,,database_id,1,0.23836797460081843,0.4406321435354932,rxcui:8640,PREDNISONE,False,0.0003716090672612413,max,0.03333333333333333,0.0,1.0,0.4406321435354932,Within this contrast and database snapshot; heuristic evidence ranking,pooled,All cells,tumor (HCC2),normal (HCC1),-7.888486,0.0,down,True,unavailable,False
APOE,TRETINOIN,rxcui:10753,DGIdb,unknown,unknown,True,False,True,3468509,NCI Cancer Gene Index,0.0312007011454658,1,,not_available,Original evidence and therapeutic direction require review,,database_id,1,0.238254142627916,0.4406321435354932,rxcui:10753,TRETINOIN,False,0.00019648295510364485,max,0.03333333333333333,0.0,1.0,0.4406321435354932,Within this contrast and database snapshot; heuristic evidence ranking,pooled,All cells,tumor (HCC2),normal (HCC1),-7.888486,0.0,down,True,unavailable,False
APOE,AEM-28,drugbank:DB17642,DGIdb,unknown,unknown,False,False,False,,Therapeutic Target Database,1.357230499827762,0,,not_available,Original evidence and therapeutic direction require review,,database_id,1,0.0936819842626542,0.4406321435354932,drugbank:DB17642,AEM-28,False,0.00854700854700855,max,0.0,0.0,0.0,0.4406321435354932,Within this contrast and database snapshot; heuristic evidence ranking,pooled,All cells,tumor (HCC2),normal (HCC1),-7.888486,0.0,down,True,unavailable,False
APOE,CN-105,drugbank:DB18345,DGIdb,unknown,unknown,False,False,False,,Therapeutic Target Database,1.357230499827762,0,,not_available,Original evidence and therapeutic direction require review,,database_id,1,0.0936819842626542,0.4406321435354932,drugbank:DB18345,CN-105,False,0.00854700854700855,max,0.0,0.0,0.0,0.4406321435354932,Within this contrast and database snapshot; heuristic evidence ranking,pooled,All cells,tumor (HCC2),normal (HCC1),-7.888486,0.0,down,True,unavailable,False
APOE,PHYTOSTEROL,ncit:C28178,DGIdb,unknown,unknown,False,False,False,16677856,NCI Cancer Gene Index,0.9048203332185082,1,,not_available,Original evidence and therapeutic direction require review,,database_id,1,0.09183013241080235,0.4406321435354932,ncit:C28178,PHYTOSTEROL,False,0.005698005698005701,max,0.03333333333333333,0.0,0.0,0.4406321435354932,Within this contrast and database snapshot; heuristic evidence ranking,pooled,All cells,tumor (HCC2),normal (HCC1),-7.888486,0.0,down,True,unavailable,False
APOE,"BENZO(A)PYRENE-7,8-DIOL 9,10-EPOXIDE",ncit:C196,DGIdb,unknown,unknown,False,False,False,14753754,NCI Cancer Gene Index,0.6786152499138811,1,,not_available,Original evidence and therapeutic direction require review,,database_id,1,0.09090420648487642,0.4406321435354932,ncit:C196,"BENZO(A)PYRENE-7,8-DIOL 9,10-EPOXIDE",False,0.004273504273504276,max,0.03333333333333333,0.0,0.0,0.4406321435354932,Within this contrast and database snapshot; heuristic evidence ranking,pooled,All cells,tumor (HCC2),normal (HCC1),-7.888486,0.0,down,True,unavailable,False
APOE,ACE INHIBITOR,ncit:C247,DGIdb,unknown,unknown,False,False,False,12105166 | 15585195,NCI Cancer Gene Index,0.5816702142118981,2,,not_available,Original evidence and therapeutic direction require review,,database_id,1,0.09050738108805102,0.4406321435354932,ncit:C247,ACE INHIBITOR,False,0.0036630036630036647,max,0.06666666666666667,0.0,0.0,0.4406321435354932,Within this contrast and database snapshot; heuristic evidence ranking,pooled,All cells,tumor (HCC2),normal (HCC1),-7.888486,0.0,down,True,unavailable,False
APOE,FAT EMULSION,ncit:C2575,DGIdb,unknown,unknown,False,False,False,3021887,NCI Cancer Gene Index,0.3877801428079321,1,,not_available,Original evidence and therapeutic direction require review,,database_id,1,0.08971373029440022,0.4406321435354932,ncit:C2575,FAT EMULSION,False,0.0024420024420024433,max,0.03333333333333333,0.0,0.0,0.4406321435354932,Within this contrast and database snapshot; heuristic evidence ranking,pooled,All cells,tumor (HCC2),normal (HCC1),-7.888486,0.0,down,True,unavailable,False
APOE,GINKGO,ncit:C29072,DGIdb,unknown,unknown,False,False,False,12684092,NCI Cancer Gene Index,0.3877801428079321,1,,not_available,Original evidence and therapeutic direction require review,,database_id,1,0.08971373029440022,0.4406321435354932,ncit:C29072,GINKGO,False,0.0024420024420024433,max,0.03333333333333333,0.0,0.0,0.4406321435354932,Within this contrast and database snapshot; heuristic evidence ranking,pooled,All cells,tumor (HCC2),normal (HCC1),-7.888486,0.0,down,True,unavailable,False
APOE,SOY PROTEIN ISOLATE,ncit:C1803,DGIdb,unknown,unknown,False,False,False,1902348,NCI Cancer Gene Index,0.3877801428079321,1,,not_available,Original evidence and therapeutic direction require review,,database_id,1,0.08971373029440022,0.4406321435354932,ncit:C1803,SOY PROTEIN ISOLATE,False,0.0024420024420024433,max,0.03333333333333333,0.0,0.0,0.4406321435354932,Within this contrast and database snapshot; heuristic evidence ranking,pooled,All cells,tumor (HCC2),normal (HCC1),-7.888486,0.0,down,True,unavailable,False
APOE,BUTHIONINE SULFOXIMINE,ncit:C1029,DGIdb,unknown,unknown,False,False,True,12615656,NCI Cancer Gene Index,0.2714460999655524,1,,not_available,Original evidence and therapeutic direction require review,,database_id,1,0.08923753981820975,0.4406321435354932,ncit:C1029,BUTHIONINE SULFOXIMINE,False,0.0017094017094017098,max,0.03333333333333333,0.0,0.0,0.4406321435354932,Within this contrast and database snapshot; heuristic evidence ranking,pooled,All cells,tumor (HCC2),normal (HCC1),-7.888486,0.0,down,True,unavailable,False
APOE,ALPHA-TOCOPHEROL,ncit:C74960,DGIdb,unknown,unknown,False,False,False,12076219,NCI Cancer Gene Index,0.1696538124784702,1,,not_available,Original evidence and therapeutic direction require review,,database_id,1,0.08882087315154308,0.4406321435354932,ncit:C74960,ALPHA-TOCOPHEROL,False,0.0010683760683760683,max,0.03333333333333333,0.0,0.0,0.4406321435354932,Within this contrast and database snapshot; heuristic evidence ranking,pooled,All cells,tumor (HCC2),normal (HCC1),-7.888486,0.0,down,True,unavailable,False
APOE,THERAPEUTIC CYTOKINE,ncit:C1283,DGIdb,unknown,unknown,False,False,False,10686578 | 9617572,NCI Cancer Gene Index,0.1566035192108956,2,,not_available,Original evidence and therapeutic direction require review,,database_id,1,0.08876745434812428,0.4406321435354932,ncit:C1283,THERAPEUTIC CYTOKINE,False,0.0009861932938856018,max,0.06666666666666667,0.0,0.0,0.4406321435354932,Within this contrast and database snapshot; heuristic evidence ranking,pooled,All cells,tumor (HCC2),normal (HCC1),-7.888486,0.0,down,True,unavailable,False
APOE,IMMUNOSUPPRESSANT,ncit:C574,DGIdb,unknown,unknown,False,False,False,12752312,NCI Cancer Gene Index,0.1508033888697513,1,,not_available,Original evidence and therapeutic direction require review,,database_id,1,0.08874371265771593,0.4406321435354932,ncit:C574,IMMUNOSUPPRESSANT,False,0.000949667616334283,max,0.03333333333333333,0.0,0.0,0.4406321435354932,Within this contrast and database snapshot; heuristic evidence ranking,pooled,All cells,tumor (HCC2),normal (HCC1),-7.888486,0.0,down,True,unavailable,False
APOE,STAUROSPORINE,ncit:C1237,DGIdb,unknown,unknown,False,False,True,11948667,NCI Cancer Gene Index,0.1131025416523135,1,,not_available,Original evidence and therapeutic direction require review,,database_id,1,0.08858939167006159,0.4406321435354932,ncit:C1237,STAUROSPORINE,False,0.0007122507122507124,max,0.03333333333333333,0.0,0.0,0.4406321435354932,Within this contrast and database snapshot; heuristic evidence ranking,pooled,All cells,tumor (HCC2),normal (HCC1),-7.888486,0.0,down,True,unavailable,False
APOE,THERAPEUTIC CORTICOSTEROID,ncit:C211,DGIdb,unknown,unknown,False,False,False,1903065,NCI Cancer Gene Index,0.05655127082615676,1,,not_available,Original evidence and therapeutic direction require review,,database_id,1,0.08835791018858012,0.4406321435354932,ncit:C211,THERAPEUTIC CORTICOSTEROID,False,0.0003561253561253563,max,0.03333333333333333,0.0,0.0,0.4406321435354932,Within this contrast and database snapshot; heuristic evidence ranking,pooled,All cells,tumor (HCC2),normal (HCC1),-7.888486,0.0,down,True,unavailable,False
APOE,ANTIDEPRESSANT AGENT,ncit:C265,DGIdb,unknown,unknown,False,False,False,14512205,NCI Cancer Gene Index,0.05322472548344165,1,,not_available,Original evidence and therapeutic direction require review,,database_id,1,0.08834429363084591,0.4406321435354932,ncit:C265,ANTIDEPRESSANT AGENT,False,0.00033517680576504113,max,0.03333333333333333,0.0,0.0,0.4406321435354932,Within this contrast and database snapshot; heuristic evidence ranking,pooled,All cells,tumor (HCC2),normal (HCC1),-7.888486,0.0,down,True,unavailable,False
APOC1,RITONAVIR,rxcui:85762,DGIdb,unknown,unknown,True,False,False,15809899,PharmGKB - The Pharmacogenomics Knowledgebase,3.920888110613535,1,,not_available,Original evidence and therapeutic direction require review,,database_id,1,0.21122117650655603,0.2258589689525333,rxcui:85762,RITONAVIR,False,0.024691358024691367,max,0.03333333333333333,0.0,1.0,0.2258589689525333,Within this contrast and database snapshot; heuristic evidence ranking,pooled,All cells,tumor (HCC2),normal (HCC1),-8.451845,0.0,down,True,unavailable,False
