gene,section,mean_log_expression,fraction_detected,within_section_Moran_I
MYL2,control_P1,5.034255027770996,1.0,0.2998068
MYL2,control_P17,4.514240264892578,1.0,0.27345324
MYL2,control_P7,4.343958854675293,0.9996591683708248,0.5417331
MYL2,control_P8,4.309281826019287,1.0,0.30092636
NPPB,control_P1,1.5555819272994995,0.8361383824216924,0.39730507
NPPB,control_P17,0.013127923011779785,0.01171875,0.10454796
NPPB,control_P7,0.06334692984819412,0.04839809134287662,0.4027629
NPPB,control_P8,0.06339877843856812,0.056933712891419276,0.08739598
ANKRD1,control_P1,2.501680850982666,0.9890135577372604,0.16313012
ANKRD1,control_P17,0.6181021928787231,0.513671875,0.04966369
ANKRD1,control_P7,1.0993025302886963,0.7143830947511929,0.1134614
ANKRD1,control_P8,1.801182746887207,0.909312728751525,0.33323434
LYVE1,control_P1,0.23601305484771729,0.20336605890603085,0.014545756
LYVE1,control_P17,0.271594762802124,0.228515625,0.05072723
LYVE1,control_P7,0.43137460947036743,0.3122017723244717,0.08065261
LYVE1,control_P8,0.3450508117675781,0.2838552257015047,0.05751059
C1QA,control_P1,0.5814419984817505,0.4488078541374474,0.03869901
C1QA,control_P17,0.6739888191223145,0.49072265625,0.081048615
C1QA,control_P7,0.7712982892990112,0.5122699386503068,0.12036539
C1QA,control_P8,0.502734899520874,0.39568930459536394,0.029197356
